study,year,gray,pub_type,assign_type,random_assign,study_design,study_length,n_class,Nt,Nc,sample_id,control_type,Control.ID,treat_grp,time,outcome.orientation,Detailed.Outcome.Description,formula,test_type,valence,N,p.value,F.value,d,t.value,nT,mT,sdT,nC,mC,sdC,no_treat,treat_length,feedback_type,no_item,measure_type,measurement_format,tech_type_treatment,tech_level,male_female_ratio,grp_gender,MAX_grp_size,subject,grade,AVERAGE_age,time_interval,continent,g,v_g,rom,v_rom,g2,v_g2,SE_egger,effect
Lin et al,2020,no,journal article,class,no,control,6,8,119,122,1,control,NA,web-based,baseline,social,Establishing and maintaining a shared understanding,"Accuracy Rate equals the Number of Correct Responses divided by the Total Number of Responses, multiplied by 100",researcher-made,positive,241,NA,NA,NA,NA,64,0.69,0.12,122,0.72,0.1,6,45,without TF,2,collaborative & performance-based tasks,response_performance,web-based & scaffolding tools,intermediate,NA,NA,NA,STEM,high,14,5,Asia,-0.2785303734164745,0.024030267464474123,-0.04255961441879601,6.307055580997548e-4,-0.27339163276084466,0.08936224584344654,0.1543428693250045,1
Lin et al,2020,no,journal article,class,no,control,6,8,119,122,1,control,NA,web-based,baseline,social,Establishing and maintaining a shared understanding,accuracy rates,researcher-made,positive,241,NA,NA,NA,NA,55,0.71,0.12,122,0.72,0.1,6,45,with TF,2,collaborative & performance-based tasks,response_performance,web-based & scaffolding tools,intermediate,NA,NA,NA,STEM,high,14,5,Asia,-0.09342995662264174,0.02640319812830633,-0.013986241974739952,6.774932344347836e-4,-0.09170622247235354,0.08914876052091768,0.16241471452209494,2
Lin et al,2020,no,journal article,class,no,control,6,8,119,122,1,control,NA,web-based,posttest1,social,Establishing and maintaining a shared understanding,accuracy rates,researcher-made,positive,241,NA,NA,NA,NA,64,0.82,0.14,122,0.79,0.14,6,45,without TF,2,collaborative & performance-based tasks,response_performance,web-based & scaffolding tools,intermediate,NA,NA,NA,STEM,high,14,5,Asia,0.21341088012713413,0.023944151966735192,0.0372713947972316,7.128779256115408e-4,0.20947356028437766,0.08926291405455557,0.1543428693250045,3
Lin et al,2020,no,journal article,class,no,control,6,8,119,122,1,control,NA,web-based,posttest1,social,Establishing and maintaining a shared understanding,accuracy rates,researcher-made,positive,241,NA,NA,NA,NA,55,0.86,0.13,122,0.79,0.14,6,45,with TF,2,collaborative & performance-based tasks,response_performance,web-based & scaffolding tools,intermediate,NA,NA,NA,STEM,high,14,5,Asia,0.5087845125635827,0.027109787177543768,0.08489944378648627,6.72877852051717e-4,0.49939770268861106,0.08992435402910137,0.16241471452209494,4
Lin et al,2020,no,journal article,class,no,control,6,8,119,122,1,control,NA,web-based,baseline,cognitive,Taking appropriate actions to solve the problems,accuracy rates or correctness percentages,researcher-made,positive,241,NA,NA,NA,NA,64,0.65,0.16,122,0.68,0.12,6,45,without TF,2,collaborative & performance-based tasks,response_performance,web-based & scaffolding tools,intermediate,NA,NA,NA,STEM,high,14,5,Asia,-0.22125561322620146,0.023953318210357406,-0.045120435280469655,0.0012020067794425604,-0.2171735621341587,0.08927348705709648,0.1543428693250045,5
Lin et al,2020,no,journal article,class,no,control,6,8,119,122,1,control,NA,web-based,baseline,cognitive,Taking appropriate actions to solve the problems,accuracy rates or correctness percentages,researcher-made,positive,241,NA,NA,NA,NA,55,0.69,0.14,122,0.68,0.12,6,45,with TF,2,collaborative & performance-based tasks,response_performance,web-based & scaffolding tools,intermediate,NA,NA,NA,STEM,high,14,5,Asia,0.0787063173568398,0.02639603860174522,0.014598799421152631,0.00100376706978799,0.07725422670009933,0.0891409018054048,0.16241471452209494,6
Lin et al,2020,no,journal article,class,no,control,6,8,119,122,1,control,NA,web-based,posttest1,cognitive,Taking appropriate actions to solve the problems,accuracy rates or correctness percentages,researcher-made,positive,241,NA,NA,NA,NA,64,0.59,0.12,122,0.55,0.12,6,45,without TF,2,collaborative & performance-based tasks,response_performance,web-based & scaffolding tools,intermediate,NA,NA,NA,STEM,high,14,5,Asia,0.33197248019776454,0.024117973267412655,0.07020425867324835,0.0010365570178110127,0.3258477604423656,0.08946341200436701,0.1543428693250045,7
Lin et al,2020,no,journal article,class,no,control,6,8,119,122,1,control,NA,web-based,posttest1,cognitive,Taking appropriate actions to solve the problems,accuracy rates or correctness percentages,researcher-made,positive,241,NA,NA,NA,NA,55,0.63,0.1,122,0.55,0.12,6,45,with TF,2,collaborative & performance-based tasks,response_performance,web-based & scaffolding tools,intermediate,NA,NA,NA,STEM,high,14,5,Asia,0.6975008624083349,0.02775285433244718,0.13580154115906162,8.482867272165405e-4,0.6846323339421946,0.09063022218713114,0.16241471452209494,8
Lin et al,2020,no,journal article,class,no,control,6,8,119,122,1,control,NA,web-based,baseline,social,Establishing and maintaining team organization,accuracy rates,researcher-made,positive,241,NA,NA,NA,NA,64,0.68,0.18,122,0.7,0.16,6,45,without TF,2,collaborative & performance-based tasks,response_performance,web-based & scaffolding tools,intermediate,NA,NA,NA,STEM,high,14,5,Asia,-0.11918768576654633,0.02385990868899795,-0.028987536873252187,0.0015230681833967915,-0.11698873489814972,0.0891657418184379,0.1543428693250045,9
Lin et al,2020,no,journal article,class,no,control,6,8,119,122,1,control,NA,web-based,baseline,social,Establishing and maintaining team organization,accuracy rates,researcher-made,positive,241,NA,NA,NA,NA,55,0.68,0.18,122,0.7,0.16,6,45,with TF,2,collaborative & performance-based tasks,response_performance,web-based & scaffolding tools,intermediate,NA,NA,NA,STEM,high,14,5,Asia,-0.11965618914993865,0.026418984701208525,-0.028987536873252187,0.001702222398558792,-0.11744859463756883,0.08916608878757086,0.16241471452209494,10
Lin et al,2020,no,journal article,class,no,control,6,8,119,122,1,control,NA,web-based,posttest1,social,Establishing and maintaining team organization,accuracy rates,researcher-made,positive,241,NA,NA,NA,NA,64,0.77,0.1,122,0.72,0.11,6,45,without TF,2,collaborative & performance-based tasks,response_performance,web-based & scaffolding tools,intermediate,NA,NA,NA,STEM,high,14,5,Asia,0.4667706553613645,0.024407406377890673,0.06713930283762852,4.5485524304007737e-4,0.4581589793199372,0.08979726490405318,0.1543428693250045,11
Lin et al,2020,no,journal article,class,no,control,6,8,119,122,1,control,NA,web-based,posttest1,social,Establishing and maintaining team organization,accuracy rates,researcher-made,positive,241,NA,NA,NA,NA,55,0.81,0.1,122,0.72,0.11,6,45,with TF,2,collaborative & performance-based tasks,response_performance,web-based & scaffolding tools,intermediate,NA,NA,NA,STEM,high,14,5,Asia,0.837400964320058,0.02835944450754264,0.11778303565638365,4.684396955909133e-4,0.821951351670522,0.0912960510765539,0.16241471452209494,12
Lin et al,2020,no,journal article,class,no,control,6,8,119,122,1,control,NA,web-based,baseline,cognitive,Collaborative problem-solving skills,accuracy rates and adjusted mean scores,researcher-made,positive,241,NA,NA,NA,NA,64,0.64,0.18,122,0.67,0.15,6,45,without TF,2,collaborative & performance-based tasks,response_performance,web-based & scaffolding tools,intermediate,NA,NA,NA,STEM,high,14,5,Asia,-0.18568691561098305,0.023914408490585952,-0.04580953603129422,0.0016468022560277408,-0.1822610885072298,0.08922860579679345,0.1543428693250045,13
Lin et al,2020,no,journal article,class,no,control,6,8,119,122,1,control,NA,web-based,baseline,cognitive,Collaborative problem-solving skills,accuracy rates and adjusted mean scores,researcher-made,positive,241,NA,NA,NA,NA,55,0.65,0.16,122,0.67,0.15,6,45,with TF,2,collaborative & performance-based tasks,response_performance,web-based & scaffolding tools,intermediate,NA,NA,NA,STEM,high,14,5,Asia,-0.13002574358469604,0.02642629851587764,-0.030305349495328922,0.0015125079051712658,-0.12762683618137993,0.08917411685874399,0.16241471452209494,14
Lin et al,2020,no,journal article,class,no,control,6,8,119,122,1,control,NA,web-based,posttest1,cognitive,Collaborative problem-solving skills,accuracy rates and adjusted mean scores,researcher-made,positive,241,NA,NA,NA,NA,64,0.71,0.1,122,0.67,0.09,6,45,without TF,2,collaborative & performance-based tasks,response_performance,web-based & scaffolding tools,intermediate,NA,NA,NA,STEM,high,14,5,Asia,0.4258589859953407,0.024309237107047937,0.057987257650349316,4.5786086470637593e-4,0.4180021089946146,0.08968402942910425,0.1543428693250045,15
Lin et al,2020,no,journal article,class,no,control,6,8,119,122,1,control,NA,web-based,posttest1,cognitive,Collaborative problem-solving skills,accuracy rates and adjusted mean scores,researcher-made,positive,241,NA,NA,NA,NA,55,0.75,0.08,122,0.67,0.09,6,45,with TF,2,collaborative & performance-based tasks,response_performance,web-based & scaffolding tools,intermediate,NA,NA,NA,STEM,high,14,5,Asia,0.915204190750834,0.02874463754631023,0.11279549414534429,3.5477120997617364e-4,0.8983191490028666,0.09171886150729594,0.16241471452209494,16
Rojas et al,2022,no,journal article,class,yes,control,1,7,119,104,1,control,NA,game-based,baseline,motivational,Attitudes toward collaboration,summative scoring of a Likert-scale questionnaire,researcher-made,positive,223,NA,NA,NA,NA,119,4.484,0.578,104,4.165,0.871,5,60,without TF,14,self-report & perceptual measures,response_self-report,game-based & virtual environments,beginner to intermediate,1.24,mixed,3,Social Sciences & General Education,elementary,11.5,1,America,0.4358882336684403,0.01844475168245739,0.07379922959110737,5.601363425185331e-4,0.4266614387163935,0.10205819489948,0.1342339225379428,17
Rojas et al,2022,no,journal article,class,yes,control,1,7,119,104,1,control,NA,game-based,posttest1,motivational,Attitudes toward collaboration,summative scoring of a Likert-scale questionnaire,researcher-made,positive,223,NA,NA,NA,NA,119,4.523,0.537,104,4.183,0.907,5,60,without TF,14,self-report & perceptual measures,response_self-report,game-based & virtual environments,beginner to intermediate,1.24,mixed,3,Social Sciences & General Education,elementary,11.5,1,America,0.4622329886319122,0.018497802766603122,0.0781467980356446,5.705234570722734e-4,0.45244853317578587,0.10213769526603503,0.1342339225379428,18
Meijden and Veenman,2005,no,journal article,student,yes,control,NA,NA,44,40,1,control,NA,CMC/CSCL,posttest1,cognitive,High-level elaborations,"Frequency of High-Level Elaborations divided by Total Utterances, multiplied by 100",researcher-made,positive,84,NA,NA,NA,NA,44,5.87,4.14,40,12.53,3.96,1,30,without TF,NA,observational & interactional analyses,analysis_coding,CMC & CSCL tools,beginner to intermediate,1,mixed,2,STEM,elementary,11.5,NA,Europe,-1.6271858650043605,0.0634875931991179,-0.7582711350679717,0.013802087938455089,-1.6271858650043605,0.0634875931991179,0.21846572437632575,19
Meijden and Veenman,2005,no,journal article,student,yes,control,NA,NA,44,40,1,control,NA,CMC/CSCL,posttest1,cognitive,Low-level elaborations,"Frequency of Low-Level Elaborations divided by Total Utterances, multiplied by 100",researcher-made,positive,84,NA,NA,NA,NA,44,47,7.82,40,59.05,10.92,1,30,without TF,NA,observational & interactional analyses,analysis_coding,CMC & CSCL tools,beginner to intermediate,1,mixed,2,STEM,elementary,11.5,NA,Europe,-1.26712257903226,0.05728441338378086,-0.22823694093331268,0.0014841251894300925,-1.26712257903226,0.05728441338378086,0.21846572437632575,20
Meijden and Veenman,2005,no,journal article,student,yes,control,NA,NA,44,40,1,control,NA,CMC/CSCL,posttest1,cognitive,Performance scores,Sum of Correct Answers,researcher-made,positive,84,NA,NA,NA,NA,44,8.27,2.5,40,9.85,1.5,1,30,without TF,NA,observational & interactional analyses,analysis_coding,CMC & CSCL tools,beginner to intermediate,1,mixed,2,STEM,elementary,11.5,NA,Europe,-0.7508089626184744,0.05108271378886933,-0.1748369461483976,0.002656665943206614,-0.7508089626184744,0.05108271378886933,0.21846572437632575,21
Meijden and Veenman,2005,no,journal article,student,yes,control,NA,NA,44,40,1,control,NA,CMC/CSCL,posttest1,emotional,Affective utterances,"Frequency of Affective Utterances divided by Total Utterances, multiplied by 100",researcher-made,positive,84,NA,NA,NA,NA,44,6.39,4.26,40,2.65,2.53,1,30,without TF,NA,observational & interactional analyses,analysis_coding,CMC & CSCL tools,beginner to intermediate,1,mixed,2,STEM,elementary,11.5,NA,Europe,1.0455840128393266,0.054234688964803615,0.8801746283913127,0.03288812295255869,1.0455840128393266,0.054234688964803615,0.21846572437632575,22
Meijden and Veenman,2005,no,journal article,student,yes,control,NA,NA,44,40,1,control,NA,CMC/CSCL,posttest1,cognitive,Regulative utterances,"Frequency of Regulative Utterances divided by Total Utterances, multiplied by 100",researcher-made,positive,84,NA,NA,NA,NA,44,29.12,6.07,40,10.03,4.36,1,30,without TF,NA,observational & interactional analyses,analysis_coding,CMC & CSCL tools,beginner to intermediate,1,mixed,2,STEM,elementary,11.5,NA,Europe,3.5516546847706447,0.1228121001073517,1.065844621354641,0.005711524454392575,3.5516546847706447,0.1228121001073517,0.21846572437632575,23
Cho and Lim,2017,no,journal article,class,no,control,NA,3,67,34,1,control,NA,game-based,baseline,cognitive,Comprehension,total number of correct responses,researcher-made,positive,101,NA,NA,NA,NA,31,2.61,0.84,34,2.62,0.99,3,55,with TF,5,tests & exams,response_selected,game-based & virtual environments,beginner to intermediate,1.82,mixed,4,Social Sciences & General Education,middle,13.5,1 and 12,Asia,-0.010720671342879544,0.06167071332042709,-0.0038240964384035057,0.0075407189352187775,-0.010176227609934361,0.26158980054644926,0.24833410805205833,24
Cho and Lim,2017,no,journal article,class,no,control,NA,3,67,34,1,control,NA,game-based,posttest1,cognitive,Comprehension,total number of correct responses,researcher-made,positive,101,NA,NA,NA,NA,31,2.77,1.02,34,3.09,1.06,3,55,with TF,5,tests & exams,response_selected,game-based & virtual environments,beginner to intermediate,1.82,mixed,4,Social Sciences & General Education,middle,13.5,1 and 12,Asia,-0.3036781963829104,0.062379217275537364,-0.10932377071040696,0.007835116958611502,-0.2882560567085527,0.2621405843870111,0.24833410805205833,25
Cho and Lim,2017,no,journal article,class,no,control,NA,3,67,34,1,control,NA,game-based,posttest1,cognitive,Application,summative scores based on rubric-based evaluations of task responses,researcher-made,positive,101,NA,NA,NA,NA,31,2.13,1.02,34,1.74,1.14,3,55,with TF,1,tests & exams,response_constructed,game-based & virtual environments,beginner to intermediate,1.82,mixed,4,Social Sciences & General Education,middle,13.5,1 and 12,Asia,0.35530699109718666,0.06264092966756936,0.202236866494896,0.02002243201794087,0.33726290986500196,0.2623440369653154,0.24833410805205833,27
Cho and Lim,2017,no,journal article,class,no,control,NA,3,67,34,1,control,NA,game-based,posttest1,social,group performance,summative scors based on rubric-based evaluations of collaborative problem-solving tasks,researcher-made,positive,101,NA,NA,NA,NA,31,2.63,0.88,34,1.68,1.08,3,55,with TF,1,collaborative & performance-based tasks,response_performance,game-based & virtual environments,beginner to intermediate,1.82,mixed,4,Social Sciences & General Education,middle,13.5,1 and 12,Asia,0.9482964432523772,0.0685872611011276,0.44819005277450563,0.015766399651162322,0.9001377002977323,0.26696665514635126,0.24833410805205833,29
Cho and Lim,2017,no,journal article,class,no,control,NA,3,67,34,1,control,NA,game-based,baseline,motivational,Intrinsic motivation,summative scoring of a Likert-scale questionnaire,standard,positive,101,0.009,4.99,NA,NA,31,3.65,0.55,34,3.75,0.58,3,55,with TF,9,self-report & perceptual measures,response_self-report,game-based & virtual environments,beginner to intermediate,1.82,mixed,4,Social Sciences & General Education,middle,13.5,1 and 12,Asia,-0.17459228387097575,0.061904309726528946,-0.027028672387919374,0.0014360316536439495,-0.16572570530196915,0.2617713960403999,0.24833410805205833,31
Cho and Lim,2017,no,journal article,class,no,control,NA,3,67,34,1,control,NA,game-based,posttest1,motivational,Intrinsic motivation,summative scoring of a Likert-scale questionnaire,standard,positive,101,0.009,4.99,NA,NA,31,3.59,0.61,34,3.24,0.58,3,55,with TF,9,self-report & perceptual measures,response_self-report,game-based & virtual environments,beginner to intermediate,1.82,mixed,4,Social Sciences & General Education,middle,13.5,1 and 12,Asia,0.5817136172629942,0.06427283485669752,0.10257887269594931,0.0018738541155463014,0.5521715929663477,0.263612663627196,0.24833410805205833,32
Cho and Lim,2017,no,journal article,class,no,control,NA,3,67,34,1,control,NA,game-based,baseline,cognitive,Comprehension,total number of correct responses,researcher-made,positive,101,NA,NA,NA,NA,36,2.47,0.97,34,2.62,0.99,3,55,with TF,5,tests & exams,response_selected,game-based & virtual environments,beginner to intermediate,2,mixed,4,Social Sciences & General Education,middle,13.5,1 and 12,Asia,-0.15140333578664963,0.05735327798428388,-0.05895616713311958,0.008483392229068298,-0.14371439591715301,0.26172619084283977,0.23914335132647976,33
Cho and Lim,2017,no,journal article,class,no,control,NA,3,67,34,1,control,NA,game-based,posttest1,cognitive,Comprehension,total number of correct responses,researcher-made,positive,101,NA,NA,NA,NA,36,3.5,1.08,34,3.09,1.06,3,55,with TF,5,tests & exams,response_selected,game-based & virtual environments,beginner to intermediate,2,mixed,4,Social Sciences & General Education,middle,13.5,1 and 12,Asia,0.3788124837202552,0.058214534610962335,0.12459187758571398,0.006106011565401604,0.3595746882383637,0.26244722555134464,0.23914335132647976,34
Cho and Lim,2017,no,journal article,class,no,control,NA,3,67,34,1,control,NA,game-based,posttest1,cognitive,Application,summative scores based on rubric-based evaluations of task responses,researcher-made,positive,101,NA,NA,NA,NA,36,2.65,1.02,34,1.74,1.14,3,55,with TF,1,tests & exams,response_constructed,game-based & virtual environments,beginner to intermediate,2,mixed,4,Social Sciences & General Education,middle,13.5,1 and 12,Asia,0.8333348948373129,0.062149878533328096,0.42067452677169315,0.016740369767904714,0.791014414484182,0.2657418528088124,0.23914335132647976,36
Cho and Lim,2017,no,journal article,class,no,control,NA,3,67,34,1,control,NA,game-based,posttest1,social,group performance,summative scors based on rubric-based evaluations of collaborative problem-solving tasks,researcher-made,positive,101,NA,NA,NA,NA,36,2.38,0.92,34,1.68,1.08,3,55,with TF,1,collaborative & performance-based tasks,response_performance,game-based & virtual environments,beginner to intermediate,2,mixed,4,Social Sciences & General Education,middle,13.5,1 and 12,Asia,0.6916605117224701,0.06060664436563291,0.3483066942682158,0.01630554182457297,0.6565348914241604,0.26444987389824043,0.23914335132647976,38
Cho and Lim,2017,no,journal article,class,no,control,NA,3,67,34,1,control,NA,game-based,baseline,motivational,Intrinsic motivation,summative scoring of a Likert-scale questionnaire,standard,positive,101,0.009,4.99,NA,NA,36,3.48,0.66,34,3.75,0.58,3,55,with TF,9,self-report & perceptual measures,response_self-report,game-based & virtual environments,beginner to intermediate,2,mixed,4,Social Sciences & General Education,middle,13.5,1 and 12,Asia,-0.42895673377432125,0.05850385590830537,-0.07472354619593642,0.0017027229333271162,-0.4071723885650841,0.26268944220411927,0.23914335132647976,40
Cho and Lim,2017,no,journal article,class,no,control,NA,3,67,34,1,control,NA,game-based,posttest1,motivational,Intrinsic motivation,summative scoring of a Likert-scale questionnaire,standard,positive,101,NA,NA,NA,NA,36,3.49,0.84,34,3.24,0.58,3,55,with TF,9,self-report & perceptual measures,response_self-report,game-based & virtual environments,beginner to intermediate,2,mixed,4,Social Sciences & General Education,middle,13.5,1 and 12,Asia,0.34074731257271473,0.0580188905624139,0.07432840641009769,0.002551694540784238,0.32344263706175946,0.2622834344754375,0.23914335132647976,41
Mevarech and Kramaski,1992,no,journal article,class,yes,control,38,6,141,71,1,control,NA,programming,baseline,cognitive,Figurative Mode_Fluency,Total number of ideas expressed in the figurative tasks,standard,positive,212,NA,NA,NA,NA,74,9.9,0.38,71,9.75,0.91,38,90,with TF,NA,tests & exams,response_performance,programming & computational thinking,beginner,NA,NA,2,STEM,middle,12.5,40,Asia,0.21557557648344874,0.027758271690857282,0.01526747213078838,1.426014226697112e-4,0.21022237643665181,0.13040303257184369,0.16612651972447695,42
Mevarech and Kramaski,1992,no,journal article,class,yes,control,38,6,141,71,1,control,NA,programming,posttest1,cognitive,Figurative Mode_Fluency,Total number of ideas expressed in the figurative tasks,standard,positive,212,NA,NA,NA,NA,74,9.57,0.97,71,9.57,1.2,38,90,with TF,NA,tests & exams,response_performance,programming & computational thinking,beginner,NA,NA,2,STEM,middle,12.5,40,Asia,0,0.027598020555767037,0,3.602837913860247e-4,0,0.1302367395864549,0.16612651972447695,43
Mevarech and Kramaski,1992,no,journal article,class,yes,control,38,6,141,71,1,control,NA,programming,baseline,cognitive,Figurative Mode_Fluency,Total number of ideas expressed in the figurative tasks,standard,positive,212,NA,NA,NA,NA,67,9.79,0.53,71,9.75,0.91,38,90,with TF,NA,tests & exams,response_performance,programming & computational thinking,beginner,NA,NA,2,STEM,middle,12.5,40,Asia,0.053036364964821676,0.029020071683859713,0.004094171532663147,1.6643500677004296e-4,0.05171935922584632,0.13024680478436612,0.1703228703861636,44
Mevarech and Kramaski,1992,no,journal article,class,yes,control,38,6,141,71,1,control,NA,programming,posttest1,cognitive,Figurative Mode_Fluency,Total number of ideas expressed in the figurative tasks,standard,positive,212,NA,NA,NA,NA,67,9.67,0.95,71,9.57,1.2,38,90,with TF,NA,tests & exams,response_performance,programming & computational thinking,beginner,NA,NA,2,STEM,middle,12.5,40,Asia,0.09158152019424981,0.029040268491223507,0.01039510400033997,3.655043925338127e-4,0.08930735627370368,0.13026675128077236,0.1703228703861636,45
Mevarech and Kramaski,1992,no,journal article,class,yes,control,38,6,141,71,1,control,NA,programming,baseline,cognitive,Figurative Mode_Flexibility,Total number of different approaches or categories of ideas expressed,standard,positive,212,NA,NA,NA,NA,74,3.3,0.72,71,3.48,1.02,38,90,with TF,NA,tests & exams,response_performance,programming & computational thinking,beginner,NA,NA,2,STEM,middle,12.5,40,Asia,-0.20353297055517006,0.027740867694053286,-0.05310982531394841,0.0018532827243419629,-0.19847881402559533,0.13038497240281832,0.16612651972447695,46
Mevarech and Kramaski,1992,no,journal article,class,yes,control,38,6,141,71,1,control,NA,programming,posttest1,cognitive,Figurative Mode_Flexibility,Total number of different approaches or categories of ideas expressed,standard,positive,212,NA,NA,NA,NA,74,3.24,0.76,71,3.62,0.95,38,90,with TF,NA,tests & exams,response_performance,programming & computational thinking,beginner,NA,NA,2,STEM,middle,12.5,40,Asia,-0.440419893371786,0.02826688152982778,-0.11090069603344162,0.0017135418657110882,-0.42948333074132883,0.13093081821575117,0.16612651972447695,47
Mevarech and Kramaski,1992,no,journal article,class,yes,control,38,6,141,71,1,control,NA,programming,baseline,cognitive,Figurative Mode_Flexibility,Total number of different approaches or categories of ideas expressed,standard,positive,212,NA,NA,NA,NA,67,3.24,0.71,71,3.48,1.02,38,90,with TF,NA,tests & exams,response_performance,programming & computational thinking,beginner,NA,NA,2,STEM,middle,12.5,40,Asia,-0.2702209756025796,0.02927444313185583,-0.07145896398214487,0.0019267186877863576,-0.2635108140766875,0.13049802365683,0.1703228703861636,48
Mevarech and Kramaski,1992,no,journal article,class,yes,control,38,6,141,71,1,control,NA,programming,posttest1,cognitive,Figurative Mode_Flexibility,Total number of different approaches or categories of ideas expressed,standard,positive,212,NA,NA,NA,NA,67,3.48,0.8,71,3.62,0.95,38,90,with TF,NA,tests & exams,response_performance,programming & computational thinking,beginner,NA,NA,2,STEM,middle,12.5,40,Asia,-0.15813917605825442,0.029100488868626748,-0.03944173205129673,0.001758763248242632,-0.15421224398883945,0.1303262253114852,0.1703228703861636,49
Mevarech and Kramaski,1992,no,journal article,class,yes,control,38,6,141,71,1,control,NA,programming,baseline,cognitive,Figurative Mode_ Originality,"Sum of rarity scores assigned to each idea, based on statistical infrequency",standard,positive,212,NA,NA,NA,NA,74,1.27,0.52,71,1.04,0.34,38,90,with TF,NA,tests & exams,response_performance,programming & computational thinking,beginner,NA,NA,2,STEM,middle,12.5,40,Asia,0.5186106672023791,0.02852545857002944,0.19979618731721852,0.003770851822364421,0.5057324613628121,0.1311991442275695,0.16612651972447695,50
Mevarech and Kramaski,1992,no,journal article,class,yes,control,38,6,141,71,1,control,NA,programming,posttest1,cognitive,Figurative Mode_ Originality,"Sum of rarity scores assigned to each idea, based on statistical infrequency",standard,positive,212,NA,NA,NA,NA,74,1.37,0.54,71,0.75,0.28,38,90,with TF,NA,tests & exams,response_performance,programming & computational thinking,beginner,NA,NA,2,STEM,middle,12.5,40,Asia,1.425306111448664,0.03460318438794949,0.6024928122918146,0.004062561426877024,1.3899127293829885,0.1375060148158322,0.16612651972447695,51
Mevarech and Kramaski,1992,no,journal article,class,yes,control,38,6,141,71,1,control,NA,programming,baseline,cognitive,Figurative Mode_ Originality,"Sum of rarity scores assigned to each idea, based on statistical infrequency",standard,positive,212,NA,NA,NA,NA,67,0.96,0.32,71,1.04,0.34,38,90,with TF,NA,tests & exams,response_performance,programming & computational thinking,beginner,NA,NA,2,STEM,middle,12.5,40,Asia,-0.2407595670751993,0.02921989890534361,-0.0800427076735365,0.003163708570517969,-0.23478099498109792,0.13044415542911905,0.1703228703861636,52
Mevarech and Kramaski,1992,no,journal article,class,yes,control,38,6,141,71,1,control,NA,programming,posttest1,cognitive,Figurative Mode_ Originality,"Sum of rarity scores assigned to each idea, based on statistical infrequency",standard,positive,212,NA,NA,NA,NA,67,0.86,0.42,71,0.75,0.28,38,90,with TF,NA,tests & exams,response_performance,programming & computational thinking,beginner,NA,NA,2,STEM,middle,12.5,40,Asia,0.3082276362240087,0.029354098566916082,0.13685918271719735,0.0055228777589718565,0.30057368848292426,0.13057669187505613,0.1703228703861636,53
Mevarech and Kramaski,1992,no,journal article,class,yes,control,38,6,141,71,1,control,NA,programming,baseline,cognitive,Verbal Mode_ Fluency,Total number of ideas expressed in the verbal tasks,standard,positive,212,NA,NA,NA,NA,74,7.53,2.47,71,7.52,2.15,38,90,with TF,NA,tests & exams,response_performance,programming & computational thinking,beginner,NA,NA,2,STEM,middle,12.5,40,Asia,0.00428976153979866,0.027598084011125894,0.0013289038500537342,0.002605311323229676,0.004183237637368734,0.13023680543423224,0.16612651972447695,54
Mevarech and Kramaski,1992,no,journal article,class,yes,control,38,6,141,71,1,control,NA,programming,posttest1,cognitive,Verbal Mode_ Fluency,Total number of ideas expressed in the verbal tasks,standard,positive,212,NA,NA,NA,NA,74,6.47,2.48,71,7.06,2.06,38,90,with TF,NA,tests & exams,response_performance,programming & computational thinking,beginner,NA,NA,2,STEM,middle,12.5,40,Asia,-0.25695264460476136,0.027825691802558006,-0.08726894299234149,0.0031846000266451254,-0.2505719639564208,0.13047299458268152,0.16612651972447695,55
Mevarech and Kramaski,1992,no,journal article,class,yes,control,38,6,141,71,1,control,NA,programming,baseline,cognitive,Verbal Mode_ Fluency,Total number of ideas expressed in the verbal tasks,standard,positive,212,NA,NA,NA,NA,67,6.43,2.38,71,7.52,2.15,38,90,with TF,NA,tests & exams,response_performance,programming & computational thinking,beginner,NA,NA,2,STEM,middle,12.5,40,Asia,-0.4786744648320633,0.029840058594271236,-0.15659159971222036,0.0031961149152428215,-0.4667879598330323,0.13105662911288846,0.1703228703861636,56
Mevarech and Kramaski,1992,no,journal article,class,yes,control,38,6,141,71,1,control,NA,programming,posttest1,cognitive,Verbal Mode_ Fluency,Total number of ideas expressed in the verbal tasks,standard,positive,212,NA,NA,NA,NA,67,6.87,2.43,71,7.06,2.06,38,90,with TF,NA,tests & exams,response_performance,programming & computational thinking,beginner,NA,NA,2,STEM,middle,12.5,40,Asia,-0.08408313160497544,0.02903549602085905,-0.027280945270892712,0.003066474905210308,-0.08199516862055477,0.13026203795845073,0.1703228703861636,57
Mevarech and Kramaski,1992,no,journal article,class,yes,control,38,6,141,71,1,control,NA,programming,baseline,cognitive,Verbal Mode_ Flexibility,Total number of distinct categories of verbal responses,standard,positive,212,NA,NA,NA,NA,74,2.25,0.75,71,2.07,1,38,90,with TF,NA,tests & exams,response_performance,programming & computational thinking,beginner,NA,NA,2,STEM,middle,12.5,40,Asia,0.20317410628899393,0.027740364409099216,0.08338160893905121,0.004788511009833907,0.19812886112237518,0.13038445014282019,0.16612651972447695,58
Mevarech and Kramaski,1992,no,journal article,class,yes,control,38,6,141,71,1,control,NA,programming,posttest1,cognitive,Verbal Mode_ Flexibility,Total number of distinct categories of verbal responses,standard,positive,212,NA,NA,NA,NA,74,2.68,0.82,71,2.14,0.67,38,90,with TF,NA,tests & exams,response_performance,programming & computational thinking,beginner,NA,NA,2,STEM,middle,12.5,40,Asia,0.7159015075669409,0.029365313550720896,0.22501096548900512,0.002645691268251431,0.6981241505660954,0.1320706637456944,0.16612651972447695,59
Mevarech and Kramaski,1992,no,journal article,class,yes,control,38,6,141,71,1,control,NA,programming,baseline,cognitive,Verbal Mode_ Flexibility,Total number of distinct categories of verbal responses,standard,positive,212,NA,NA,NA,NA,67,2.12,0.79,71,2.07,1,38,90,with TF,NA,tests & exams,response_performance,programming & computational thinking,beginner,NA,NA,2,STEM,middle,12.5,40,Asia,0.0549918854345905,0.029020837087682064,0.023867481406643486,0.005359572113604372,0.0536263199633809,0.130247560702087,0.1703228703861636,60
Mevarech and Kramaski,1992,no,journal article,class,yes,control,38,6,141,71,1,control,NA,programming,posttest1,cognitive,Verbal Mode_ Flexibility,Total number of distinct categories of verbal responses,standard,positive,212,NA,NA,NA,NA,67,2.27,0.75,71,2.14,0.67,38,90,with TF,NA,tests & exams,response_performance,programming & computational thinking,beginner,NA,NA,2,STEM,middle,12.5,40,Asia,0.18209943605976478,0.02913002584547059,0.05897400245955104,0.003009867841312187,0.1775775197762118,0.1303553962191368,0.1703228703861636,61
Mevarech and Kramaski,1992,no,journal article,class,yes,control,38,6,141,71,1,control,NA,programming,baseline,cognitive,Verbal Mode_ Originality,"Sum of rarity scores assigned to each verbal idea, based on statistical infrequency",standard,positive,212,NA,NA,NA,NA,74,2.42,1.55,71,2.26,1.77,38,90,with TF,NA,tests & exams,response_performance,programming & computational thinking,beginner,NA,NA,2,STEM,middle,12.5,40,Asia,0.09580186693147974,0.02762966882372413,0.06840272688440062,0.01418287142005263,0.09342290282568176,0.13026958106965567,0.16612651972447695,62
Mevarech and Kramaski,1992,no,journal article,class,yes,control,38,6,141,71,1,control,NA,programming,posttest1,cognitive,Verbal Mode_ Originality,"Sum of rarity scores assigned to each verbal idea, based on statistical infrequency",standard,positive,212,NA,NA,NA,NA,74,3.98,2.17,71,2.13,1.41,38,90,with TF,NA,tests & exams,response_performance,programming & computational thinking,beginner,NA,NA,2,STEM,middle,12.5,40,Asia,1.0014175353110684,0.03105607945241702,0.6251598395750126,0.010189108308572701,0.9765502081103821,0.13382517555759676,0.16612651972447695,63
Mevarech and Kramaski,1992,no,journal article,class,yes,control,38,6,141,71,1,control,NA,programming,baseline,cognitive,Verbal Mode_ Originality,"Sum of rarity scores assigned to each verbal idea, based on statistical infrequency",standard,positive,212,NA,NA,NA,NA,67,2.24,1.29,71,2.26,1.77,38,90,with TF,NA,tests & exams,response_performance,programming & computational thinking,beginner,NA,NA,2,STEM,middle,12.5,40,Asia,-0.012785170622457057,0.029010472425088564,-0.008888947417245815,0.013589194340803905,-0.012467687644603586,0.13023732449487618,0.1703228703861636,64
Mevarech and Kramaski,1992,no,journal article,class,yes,control,38,6,141,71,1,control,NA,programming,posttest1,cognitive,Verbal Mode_ Originality,"Sum of rarity scores assigned to each verbal idea, based on statistical infrequency",standard,positive,212,NA,NA,NA,NA,67,3.62,2.24,71,2.13,1.41,38,90,with TF,NA,tests & exams,response_performance,programming & computational thinking,beginner,NA,NA,2,STEM,middle,12.5,40,Asia,0.7967979660078122,0.03131019538902458,0.530352046116346,0.01188676564736689,0.7770117778945765,0.13250854563439687,0.1703228703861636,65
Mevarech and Kramaski,1992,no,journal article,class,yes,control,38,6,141,71,1,control,NA,programming,posttest1,motivational,Attitude toward programming,Sum of item scores divided by Number of items,researcher-made,positive,212,NA,NA,NA,NA,74,3.5,1.41,71,3.1,1.81,38,90,with TF,NA,self-report & perceptual measures,response_self-report,programming & computational thinking,beginner,NA,NA,2,STEM,middle,12.5,40,Asia,0.2458882840566253,0.027806506928995698,0.12136085700426734,0.0069946437042336055,0.23978235501220127,0.13045308639359326,0.16612651972447695,66
Mevarech and Kramaski,1992,no,journal article,class,yes,control,38,6,141,71,1,control,NA,programming,posttest1,motivational,Attitude toward programming,Sum of item scores divided by Number of items,researcher-made,positive,212,NA,NA,NA,NA,67,3.1,1.96,71,3.1,1.81,38,90,with TF,NA,self-report & perceptual measures,response_self-report,programming & computational thinking,beginner,NA,NA,2,STEM,middle,12.5,40,Asia,0,0.02900988017658188,0,0.010767904990006509,0,0.1302367395864549,0.1703228703861636,67
Burns and Coon,1990,no,journal article,student,yes,control,2,NA,10,8,1,comparison,NA,programming,posttest1,cognitive,Product-oriented verbalizations,"Number of verbalizations in the category divided by Total Verbalizations, multiplied by 100",researcher-made,positive,18,0.06,4.04,0.95,NA,10,62.63,NA,8,48.75,NA,9,20,with TF,4,observational & interactional analyses,analysis_coding,programming & computational thinking,intermediate,NA,the same,2,STEM,elementary,8.5,1,America,0.904641143064135,0.22464084212121457,0.25053919909346534,NA,0.904641143064135,0.22464084212121457,0.4743416490252569,68
Burns and Coon,1990,no,journal article,student,yes,control,2,NA,10,8,1,comparison,NA,programming,posttest1,cognitive,Process-oriented verbalizations,"Number of verbalizations in the category divided by Total Verbalizations, multiplied by 100",researcher-made,positive,18,NA,5.83,1.15,NA,10,20.53,NA,8,37.04,NA,9,20,with TF,4,observational & interactional analyses,analysis_coding,programming & computational thinking,intermediate,NA,the same,2,STEM,elementary,8.5,1,America,1.0950919100250054,0.2342339142690244,-0.5901111787471364,NA,1.0950919100250054,0.2342339142690244,0.4743416490252569,69
Nastasi and Clements,1992,no,journal article,student,yes,control,26,NA,24,24,1,comparison,NA,programming,posttest1,cognitive,Utilization of Metacomponential Processes,Utilization Score equals 6 minus the Number of Prompts Required,researcher-made,positive,48,NA,NA,NA,NA,24,87.75,15.59,24,76.38,22.38,52-78,47.5,with TF,21,tests & exams,response_performance,programming & computational thinking,beginner,0.65,the same,2,STEM,elementary,8.5,26,America,0.5798682455507121,0.08683590814789646,0.13877098054860512,0.004892437325448814,0.5798682455507121,0.08683590814789646,0.28867513459481287,70
Nastasi and Clements,1992,no,journal article,student,yes,control,26,NA,24,24,1,comparison,NA,programming,posttest1,cognitive,Correctness in Metacomponential Processes,Correctness Score equals 6 minus the Number of Prompts Required for a Correct Answer,researcher-made,positive,48,NA,NA,NA,NA,24,51.17,19.44,24,43.71,21.52,52-78,47.5,with TF,21,tests & exams,response_performance,programming & computational thinking,beginner,0.65,the same,2,STEM,elementary,8.5,26,America,0.35781984483761353,0.0846670316808293,0.1575765139417772,0.0161135948298226,0.35781984483761353,0.0846670316808293,0.28867513459481287,71
Nastasi and Clements,1992,no,journal article,student,yes,control,26,NA,24,24,1,comparison,NA,programming,posttest1,social,Cooperative Work,"Number of Intervals with Cooperative Work divided by Total Observed Intervals, multiplied by 100",researcher-made,positive,48,NA,NA,NA,NA,24,53.84,16.07,24,52.33,10.18,52-78,47.5,with TF,21,observational & interactional analyses,analysis_observation,programming & computational thinking,beginner,0.65,the same,2,STEM,elementary,8.5,26,America,0.11041448899234677,0.0834603266602025,0.028446864952356106,0.0052888435032866716,0.11041448899234677,0.0834603266602025,0.28867513459481287,72
Nastasi and Clements,1992,no,journal article,student,yes,control,26,NA,24,24,1,comparison,NA,programming,posttest1,social,Turn-Taking,"Number of Intervals with Turn-Taking Behavior divided by Total Observed Intervals, multiplied by 100",researcher-made,positive,48,NA,NA,NA,NA,24,11.75,5.73,24,21.19,14.5,52-78,47.5,with TF,21,observational & interactional analyses,analysis_observation,programming & computational thinking,beginner,0.65,the same,2,STEM,elementary,8.5,26,America,-0.8422181184781949,0.09072220165721823,-0.5896761316900399,0.02941907819555004,-0.8422181184781949,0.09072220165721823,0.28867513459481287,73
Gu et al,2015,no,journal article,class,no,control,8,2,31,28,1,control,NA,web-based,posttest1,social,Sharing information or knowledge with a group member,Average rating on a 4-point scale,researcher-made,positive,59,NA,NA,NA,NA,31,3.75,0.676,27,2.5,1.433,16,32.5,with TF,NA,observational & interactional analyses,analysis_observation,web-based & scaffolding tools,beginner,0.82,mixed,4,STEM,elementary,10,8,Asia,1.126564754832138,0.08023603385342465,0.4054651081081644,0.013217084062126645,1.038641384119416,0.3680170941742579,0.2632396276269325,74
Gu et al,2015,no,journal article,class,no,control,8,2,31,28,1,control,NA,web-based,posttest1,motivational,Asking everyone to express their viewpoint,Average rating on a 4-point scale,researcher-made,positive,59,NA,NA,NA,NA,31,2.233,1.477,27,0.462,0.939,16,32.5,with TF,NA,observational & interactional analyses,analysis_observation,web-based & scaffolding tools,beginner,0.82,mixed,4,STEM,elementary,10,8,Asia,1.3908234601572,0.08597087653009405,1.575536360758419,0.16711027674234039,1.2822758723165228,0.37297723003320177,0.2632396276269325,75
Gu et al,2015,no,journal article,class,no,control,8,2,31,28,1,control,NA,web-based,posttest1,social,Listening to everyone’s opinion,Average rating on a 4-point scale,researcher-made,positive,59,NA,NA,NA,NA,31,2.789,1.638,27,1.478,1.836,16,32.5,with TF,NA,observational & interactional analyses,analysis_observation,web-based & scaffolding tools,beginner,0.82,mixed,4,STEM,elementary,10,8,Asia,0.7464169811742732,0.07409801801683258,0.634993286119342,0.06827893858995013,0.688162454161456,0.36270824889804754,0.2632396276269325,76
Gu et al,2015,no,journal article,class,no,control,8,2,31,28,1,control,NA,web-based,posttest1,social,Providing feedback on each other’s ideas,Average rating on a 4-point scale,researcher-made,positive,59,NA,NA,NA,NA,31,3.515,0.932,27,2.773,1.568,16,32.5,with TF,NA,observational & interactional analyses,analysis_observation,web-based & scaffolding tools,beginner,0.82,mixed,4,STEM,elementary,10,8,Asia,0.5774723491254219,0.0721698801221698,0.23710975862898725,0.014109973852469477,0.5324031995619186,0.36104057875406725,0.2632396276269325,77
Gu et al,2015,no,journal article,class,no,control,8,2,31,28,1,control,NA,web-based,posttest1,cognitive,Working together to determine the solution,Average rating on a 4-point scale,researcher-made,positive,59,NA,NA,NA,NA,31,2.378,1.037,27,1.533,1.456,16,32.5,with TF,NA,collaborative & performance-based tasks,analysis_observation,web-based & scaffolding tools,beginner,0.82,mixed,4,STEM,elementary,10,8,Asia,0.6673590473545383,0.07313448170907949,0.4390331983789132,0.03954426194582567,0.6152746406061795,0.3618748745125699,0.2632396276269325,78
Gu et al,2015,no,journal article,class,no,control,8,2,31,28,1,control,NA,web-based,posttest1,social,Negotiating to deal with disagreements,Average rating on a 4-point scale,researcher-made,positive,59,NA,NA,NA,NA,31,3,1.18,27,0.88,1.166,16,32.5,with TF,NA,collaborative & performance-based tasks,analysis_observation,web-based & scaffolding tools,beginner,0.82,mixed,4,STEM,elementary,10,8,Asia,1.7822082682211577,0.09667670768519933,1.2264456601779945,0.07001382915173236,1.6431148361019932,0.38223683487437177,0.2632396276269325,79
Gu et al,2015,no,journal article,class,no,control,8,2,31,28,1,control,NA,web-based,posttest1,cognitive,Providing reasons and evidence for what we say,Average rating on a 4-point scale,researcher-made,positive,59,NA,NA,NA,NA,31,3.189,1.143,27,2.722,1.597,16,32.5,with TF,NA,collaborative & performance-based tasks,analysis_observation,web-based & scaffolding tools,beginner,0.82,mixed,4,STEM,elementary,10,8,Asia,0.33565227214915067,0.07026632955143233,0.1583404837986462,0.016892834124721538,0.3094561045270466,0.35939417448849964,0.2632396276269325,80
Gu et al,2015,no,journal article,class,no,control,8,2,31,28,1,control,NA,web-based,posttest1,cognitive,Implementing the solution when all members agree,Average rating on a 4-point scale,researcher-made,positive,59,NA,NA,NA,NA,31,2.36,1.206,27,2.53,1.187,16,32.5,with TF,NA,collaborative & performance-based tasks,analysis_observation,web-based & scaffolding tools,beginner,0.82,mixed,4,STEM,elementary,10,8,Asia,-0.1400843945352037,0.06946427084275482,-0.06955768370191011,0.016576426175420586,-0.12915143031902673,0.3587004640615206,0.2632396276269325,81
Gu et al,2015,no,journal article,class,no,control,8,2,31,28,1,control,NA,web-based,posttest1,cognitive,Representing Problem: Interpreting the Problem,Average rating on a 4-point scale for accuracy and depth of interpretation,researcher-made,positive,59,NA,NA,NA,NA,31,3.67,0.816,27,2.67,1.033,16,32.5,with TF,NA,observational & interactional analyses,analysis_observation,web-based & scaffolding tools,beginner,0.82,mixed,4,STEM,elementary,10,8,Asia,1.0687034156913704,0.07914102388687642,0.3181131896543208,0.007138614372126319,0.985295865262735,0.36707000660669953,0.2632396276269325,82
Gu et al,2015,no,journal article,class,no,control,8,2,31,28,1,control,NA,web-based,posttest1,cognitive,Representing Problem: Identifying Relevant Information,Average rating on a 4-point scale for relevance and thoroughness,researcher-made,positive,59,NA,NA,NA,NA,31,3,1.095,27,2.67,1.033,16,32.5,with TF,NA,observational & interactional analyses,analysis_observation,web-based & scaffolding tools,beginner,0.82,mixed,4,STEM,elementary,10,8,Asia,0.3052110589366813,0.07009815147124582,0.1165338162559516,0.009841467474099107,0.2813906926724173,0.35924871520160145,0.2632396276269325,83
Gu et al,2015,no,journal article,class,no,control,8,2,31,28,1,control,NA,web-based,posttest1,social,Developing Solution: Developing Solutions,Average rating on a 4-point scale for creativity and applicability of solutions,researcher-made,positive,59,NA,NA,NA,NA,31,2.67,1.033,27,2,0,16,32.5,with TF,NA,collaborative & performance-based tasks,analysis_observation,web-based & scaffolding tools,beginner,0.82,mixed,4,STEM,elementary,10,8,Asia,0.8742210137450279,0.0758835703537987,0.28893129185221283,0.00482854659294584,0.8059919501721942,0.36425259504212526,0.2632396276269325,84
Gu et al,2015,no,journal article,class,no,control,8,2,31,28,1,control,NA,web-based,posttest1,cognitive,Developing Solution: Making a Plan,Average rating on a 4-point scale for structure and feasibility of the plan,researcher-made,positive,59,NA,NA,NA,NA,31,4,0,27,0.33,0.816,16,32.5,with TF,NA,collaborative & performance-based tasks,analysis_observation,web-based & scaffolding tools,beginner,0.82,mixed,4,STEM,elementary,10,8,Asia,6.511733513465799,0.4348353890565595,2.494956985641502,0.22645852464034277,6.003521662144195,0.6747144312183727,0.2632396276269325,85
Gu et al,2015,no,journal article,class,no,control,8,2,31,28,1,control,NA,web-based,posttest1,cognitive,Developing Solution: Providing Evidence/Reason for Solutions,Average rating on a 4-point scale for the quality of supporting evidence,researcher-made,positive,59,NA,NA,NA,NA,31,2.67,1.033,27,2.33,1.506,16,32.5,with TF,NA,collaborative & performance-based tasks,analysis_observation,web-based & scaffolding tools,beginner,0.82,mixed,4,STEM,elementary,10,8,Asia,0.26315371494412815,0.06989208325738068,0.13621020483454882,0.02030153989422848,0.24261573740291692,0.3590704842727672,0.2632396276269325,86
Gu et al,2015,no,journal article,class,no,control,8,2,31,28,1,control,NA,web-based,posttest1,motivational,Developing solution: Providing Alternative Solutions,Average rating on a 4-point scale for originality of alternatives,researcher-made,positive,59,NA,NA,NA,NA,31,1,1.095,27,0.33,0.816,16,32.5,with TF,NA,collaborative & performance-based tasks,analysis_observation,web-based & scaffolding tools,beginner,0.82,mixed,4,STEM,elementary,10,8,Asia,0.6776225208691042,0.07325348328410572,1.1086626245216111,0.2651367504467944,0.6247370956415584,0.3619778004362329,0.2632396276269325,87
Gu et al,2015,no,journal article,class,no,control,8,2,31,28,1,control,NA,web-based,posttest1,social,Making Justification: Making a Claim,Average rating on a 4-point scale for clarity and logic of the claim,researcher-made,positive,59,NA,NA,NA,NA,31,4,0,27,3.67,0.816,16,32.5,with TF,NA,collaborative & performance-based tasks,analysis_observation,web-based & scaffolding tools,beginner,0.82,mixed,4,STEM,elementary,10,8,Asia,0.585523721919268,0.07225060180256428,0.08610269905341181,0.001830983475512724,0.53982619850342894,0.36111039592675936,0.2632396276269325,88
Gu et al,2015,no,journal article,class,no,control,8,2,31,28,1,control,NA,web-based,posttest1,cognitive,Making Justification: Providing Evidence for the Claim,Average rating on a 4-point scale for the relevance and reliability of evidence,researcher-made,positive,59,NA,NA,NA,NA,31,4,0,27,2.67,1.033,16,32.5,with TF,NA,collaborative & performance-based tasks,analysis_observation,web-based & scaffolding tools,beginner,0.82,mixed,4,STEM,elementary,10,8,Asia,1.8641121327247596,0.09925125709947341,0.4042158887077325,0.005543886828937817,1.7186264681034982,0.38446359428005095,0.2632396276269325,89
Gu et al,2015,no,journal article,class,no,control,8,2,31,28,1,control,NA,web-based,posttest1,cognitive,Making Justification: Providing Source of the Evidence,Average rating on a 4-point scale for citation of sources,researcher-made,positive,59,NA,NA,NA,NA,31,1.67,1.506,27,0,0,16,32.5,with TF,NA,collaborative & performance-based tasks,analysis_observation,web-based & scaffolding tools,beginner,0.82,mixed,4,STEM,elementary,10,8,Asia,1.49464570872895,0.0885534273688718,NA,NA,1.377995255952859,0.37521090996919726,0.2632396276269325,90
Gu et al,2015,no,journal article,class,no,control,8,2,31,28,1,control,NA,web-based,posttest1,cognitive,Perception of their Problem-Solving Results,Average self-rating on a 5-point scale,researcher-made,positive,59,NA,NA,NA,NA,31,4.8,0.447,27,4,1.414,16,32.5,with TF,8,self-report & perceptual measures,response_self-report,web-based & scaffolding tools,beginner,0.82,mixed,4,STEM,elementary,10,8,Asia,0.775646147593968,0.07448154074521231,0.1823215567939546,0.004907981985513739,0.7151104140870549,0.3630399624157514,0.2632396276269325,91
Szewkis et al,2011,no,journal article,student,no,control,5,NA,42,32,1,control,NA,CMC/CSCL,baseline,cognitive,Performance on written test,Raw score divided by total possible score,researcher-made,positive,74,NA,NA,NA,NA,42,31.369,10.22,32,31.219,1.67,6,45,with TF,NA,tests & exams,response_selected,CMC & CSCL tools,beginner,1.39,mixed,21,Language & Literacy,elementary,11.5,5,America,0.019054966658941245,0.055061977132188494,0.004793260279660387,0.002616689277976036,0.019054966658941245,0.055061977132188494,0.23464765886222647,92
Szewkis et al,2011,no,journal article,student,no,control,5,NA,42,32,1,control,NA,CMC/CSCL,posttest1,cognitive,Performance on written test,Raw score divided by total possible score,researcher-made,positive,74,NA,NA,0.89,NA,42,42.714,10.22,32,32.703,1.67,6,45,with TF,NA,tests & exams,response_selected,CMC & CSCL tools,beginner,1.39,mixed,21,Language & Literacy,elementary,11.5,5,America,1.2717284748177502,0.06598718133426895,0.2670599185354599,0.0014445413626102376,1.2717284748177502,0.06598718133426895,0.23464765886222647,93
Meij et al,2020,no,journal article,student,yes,control,NA,NA,16,16,1,comparison,NA,game-based,posttest1,cognitive,Third-Level Dialogic Acts,"Number of Third-Level Acts divided by Total Number of Dialogic Acts, multiplied by 100",researcher-made,positive,32,NA,NA,NA,NA,8,131,5.6,8,87,7.2,1,25,without TF,NA,observational & interactional analyses,analysis_coding,game-based & virtual environments,intermediate,1,mixed,2,Social Sciences & General Education,middle,11.5,NA,Europe,6.448668193825316,1.5495412960641959,0.40928920454656786,0.0010845485792696586,6.448668193825316,1.5495412960641959,0.5,94
Meij et al,2020,no,journal article,student,yes,control,NA,NA,16,16,1,comparison,NA,game-based,posttest1,cognitive,Fourth-Level Dialogic Acts,"Number of Third-Level Acts divided by Total Number of Dialogic Acts, multiplied by 100",researcher-made,positive,32,NA,NA,NA,NA,8,139,10,8,46,5.8,1,25,without TF,NA,observational & interactional analyses,analysis_coding,game-based & virtual environments,intermediate,1,mixed,2,Social Sciences & General Education,middle,11.5,NA,Europe,10.754586904023137,3.8644106086308114,1.1058325366415969,0.0026342045184485885,10.754586904023137,3.8644106086308114,0.5,95
Meij et al,2020,no,journal article,student,yes,control,NA,NA,16,16,1,comparison,NA,game-based,baseline,motivational,interest,Sum of Ratings for Interest Items divided by Total Number of Interest Items,researcher-made,positive,32,NA,NA,NA,NA,16,5.06,1.09,16,4.8,1.39,1,25,without TF,NA,self-report & perceptual measures,response_self-report,game-based & virtual environments,intermediate,1,mixed,2,Social Sciences & General Education,middle,11.5,NA,Europe,0.20290480144116305,0.1256432868507481,0.05275056538552896,0.008141383605241982,0.20290480144116305,0.1256432868507481,0.3535533905932738,96
Meij et al,2020,no,journal article,student,yes,control,NA,NA,16,16,1,comparison,NA,game-based,posttest1,motivational,interest,Sum of Ratings for Interest Items divided by Total Number of Interest Items,researcher-made,positive,32,NA,NA,NA,NA,16,5.03,1.14,16,4.85,1.81,1,25,without TF,NA,self-report & perceptual measures,response_self-report,game-based & virtual environments,intermediate,1,mixed,2,Social Sciences & General Education,middle,11.5,NA,Europe,0.1159989147460109,0.1252102460659727,0.0364412791622561,0.01191505773569578,0.1159989147460109,0.1252102460659727,0.3535533905932738,97
Looi et al,2010,no,journal article,class,no,control,10,6,80,160,1,control,1,web-based,posttest1,cognitive,Science Exam Scores,Adjusted mean scores,standard,positive,240,NA,NA,NA,NA,40,65.973,8.7,40,61.18,8.16,10,60,with TF,46,tests & exams,response_selected & constructed,web-based & scaffolding tools,beginner,NA,NA,4,STEM,elementary,10,NA,Asia,0.56278856905778,0.05197956858413815,0.07542522869406304,8.794915369881285e-4,0.5487809993712421,0.12948648456385953,0.22360679774997896,98
Looi et al,2010,no,journal article,class,no,control,10,6,80,160,2,control,2,web-based,posttest1,cognitive,Science Exam Scores,Adjusted mean scores,standard,positive,240,NA,NA,NA,NA,40,63.401,8.46,40,60.097,7.99,10,60,with TF,46,tests & exams,response_selected & constructed,web-based & scaffolding tools,beginner,NA,NA,4,STEM,elementary,10,NA,Asia,0.39766282657146,0.05098834827273002,0.05351971069950015,8.870357449426857e-4,0.38776516684416473,0.12896123132717824,0.22360679774997896,99
Looi et al,2010,no,journal article,class,no,control,10,6,80,160,2,control,3,web-based,posttest1,cognitive,Science Exam Scores,Adjusted mean scores,standard,positive,240,NA,NA,NA,NA,40,63.401,8.46,40,60.01,8.29,10,60,with TF,46,tests & exams,response_selected & constructed,web-based & scaffolding tools,beginner,NA,NA,4,STEM,elementary,10,NA,Asia,0.400967027794973,0.05100484098361709,0.05496841918803086,9.222233458660162e-4,0.3909871278953619,0.12896997090774914,0.22360679774997896,100
Looi et al,2010,no,journal article,class,no,control,10,6,80,160,2,control,4,web-based,posttest1,cognitive,Science Exam Scores,Adjusted mean scores,standard,positive,240,NA,NA,NA,NA,40,63.401,8.46,40,59.962,8.17,10,60,with TF,46,tests & exams,response_selected & constructed,web-based & scaffolding tools,beginner,NA,NA,4,STEM,elementary,10,NA,Asia,0.40953587578459066,0.051048247709716575,0.05576860594095979,9.092534243613002e-4,0.39934270087914764,0.1289929723768626,0.22360679774997896,101
Kuo et al,2012,no,journal article,student,yes,control,6,NA,29,30,1,control,NA,web-based,posttest1,cognitive,problem-solving ability,"PSA Score equals the sum of scores for awareness of the problem, confirming its nature, identifying related factors, identifying necessary information, and deciding on a solution",researcher-made,positive,88,NA,NA,NA,NA,11,16.27,1.85,12,11.08,2.19,NA,NA,with TF,NA,tests & exams,response_performance,web-based & scaffolding tools,beginner,NA,NA,3,Social Sciences & General Education,elementary,11.5,6,Asia,2.4577685667382423,0.30556038788691453,0.3841812399118087,0.004430946066111676,2.4577685667382423,0.30556038788691453,0.4174235549683609,102
Kuo et al,2012,no,journal article,student,yes,control,6,NA,29,30,1,control,NA,web-based,posttest1,cognitive,problem-solving ability,"PSA Score equals the sum of scores for awareness of the problem, confirming its nature, identifying related factors, identifying necessary information, and deciding on a solution",researcher-made,positive,88,NA,NA,NA,NA,7,15.14,2.27,10,14.3,2.26,NA,NA,with TF,NA,tests & exams,response_performance,web-based & scaffolding tools,beginner,NA,NA,3,Social Sciences & General Education,elementary,11.5,6,Asia,0.35210446418903507,0.2465035414954325,0.05708071074344117,0.005709181664914101,0.35210446418903507,0.2465035414954325,0.49280538030458115,103
Cohen and Scardamalia,1998,no,journal article,student,yes,control,12,NA,15,15,1,comparison,NA,web-based,posttest1,cognitive,the proportion of metaprocess exchanges for each group,"(Number of Exchanges Related to Monitoring, Reflecting, and Coordinating Work) divided by (Total Number of Exchanges)",researcher-made,positive,30,NA,NA,NA,2.36,24,0.25,0.2568182,24,0.11,0.2568182,3,40,with TF,NA,observational & interactional analyses,analysis_coding,web-based & scaffolding tools,intermediate,NA,NA,3,STEM,elementary,11,NA,America,0.5361879261306294,0.08632809887633609,0.8209805520698303,0.2710901847769975,0.5361879261306294,0.08632809887633609,0.28867513459481287,104
Cohen and Scardamalia,1998,no,journal article,student,yes,control,12,NA,15,15,1,comparison,NA,web-based,posttest1,cognitive,use of proforma terminology,(Number of Proforma or CSILE-Related Actions) divided by (Total Number of Observed Actions),researcher-made,positive,30,NA,NA,NA,2.36,24,0.03,0.2568182,24,0.05,0.2568182,3,40,with TF,NA,observational & interactional analyses,analysis_coding,web-based & scaffolding tools,intermediate,NA,NA,3,STEM,elementary,11,NA,America,-0.0765982751615185,0.08339445099747624,-0.5108256237659907,4.152759235078074,-0.0765982751615185,0.08339445099747624,0.28867513459481287,105
Cohen and Scardamalia,1998,no,journal article,student,yes,control,12,NA,15,15,1,comparison,NA,web-based,posttest1,social,monitoring another’s ideas or actions,(Number of Instances of Monitoring Others’ Ideas or Actions) divided by (Total Number of Exchanges),researcher-made,positive,30,NA,NA,NA,77.2,24,0.14,0.2568182,24,0.014,0.2568182,3,40,with TF,NA,observational & interactional analyses,analysis_coding,web-based & scaffolding tools,intermediate,NA,NA,3,STEM,elementary,11,NA,America,0.4825691335175665,0.08575909342316557,2.302585092994046,14.161382595610627,0.4825691335175665,0.08575909342316557,0.28867513459481287,106
Tsuei_a,2017,no,journal article,class,no,control,7,2,16,18,1,control,NA,peer tutoring,baseline,cognitive,CBM Mathematics Scores,"Correct Digits divided by Total Digits, multiplied by 100",researcher-made,positive,34,NA,NA,NA,NA,16,62.79,15.26,18,65.17,10.2,14,NA,without TF,10,tests & exams,response_selected,peer tutoring & adaptive learning,beginner,NA,NA,2,STEM,elementary,8.5,7,Asia,-0.18121462388381854,0.11853847820128134,-0.03720341521827105,0.005052463961823323,-0.16707162812084744,0.40182502840330997,0.3435921354681384,107
Tsuei_a,2017,no,journal article,class,no,control,7,2,16,18,1,control,NA,peer tutoring,posttest1,cognitive,CBM Mathematics Scores,"Correct Digits divided by Total Digits, multiplied by 100",researcher-made,positive,34,NA,NA,NA,NA,16,91.23,9.91,18,75.5,6.68,14,NA,without TF,10,tests & exams,response_selected,peer tutoring & adaptive learning,beginner,NA,NA,2,STEM,elementary,8.5,7,Asia,1.8390336286634428,0.16779150684018834,0.18925113410240396,0.0011723800419163608,1.695505229791927,0.44630666989282286,0.3435921354681384,108
Tsuei_b,2012,no,journal article,class,no,control,40,3,57,31,1,control,NA,peer tutoring,baseline,cognitive,CBM Mathematics Performance,Sum of Correct Digits,researcher-made,positive,88,NA,NA,NA,NA,57,30.53,11.88,31,28.29,13.67,40,40,with TF,10,tests & exams,response_selected,peer tutoring & adaptive learning,beginner,NA,NA,2,STEM,elementary,10.5,38,Asia,0.17715729270876585,0.049980246360478535,0.07620142143331075,0.010188451844606107,0.1681746995493494,0.26166958830781006,0.22316344719790435,109
Tsuei_b,2012,no,journal article,class,no,control,40,3,57,31,1,control,NA,peer tutoring,posttest1,cognitive,CBM Mathematics Performance,Sum of Correct Digits,researcher-made,positive,88,NA,NA,NA,NA,57,50.6,6.13,31,46.45,9.78,40,40,with TF,10,tests & exams,response_selected,peer tutoring & adaptive learning,beginner,NA,NA,2,STEM,elementary,10.5,38,Asia,0.540926065871378,0.051464429896723916,0.08557511103357239,0.0016875090496494935,0.5134989207352532,0.2634131532368565,0.22316344719790435,110
Tsuei_b,2012,no,journal article,class,no,control,40,3,57,31,1,control,NA,peer tutoring,baseline,motivational,Intrinsic Goal Orientation,Sum of Ratings for Goal Orientation Items divided by Total Number of Items,researcher-made,positive,88,NA,NA,NA,NA,57,16.96,3.16,31,15.97,4.35,40,40,with TF,4,self-report & perceptual measures,response_self-report,peer tutoring & adaptive learning,beginner,NA,NA,2,STEM,elementary,10.5,38,Asia,0.2711007452482496,0.05021951288158227,0.06014566813683592,0.0030023967851350013,0.2573548380798504,0.26195066992925614,0.22316344719790435,111
Tsuei_b,2012,no,journal article,class,no,control,40,3,57,31,1,control,NA,peer tutoring,posttest1,motivational,Intrinsic Goal Orientation,Sum of Ratings for Goal Orientation Items divided by Total Number of Items,researcher-made,positive,88,NA,NA,NA,NA,57,18.09,2.72,31,15.42,5.03,40,40,with TF,4,self-report & perceptual measures,response_self-report,peer tutoring & adaptive learning,beginner,NA,NA,2,STEM,elementary,10.5,38,Asia,0.7165260100117748,0.052719023727884756,0.1596939312720204,0.0038290905835568043,0.6801952356041049,0.26488700451655983,0.22316344719790435,112
Tsuei_b,2012,no,journal article,class,no,control,40,3,57,31,1,control,NA,peer tutoring,baseline,motivational,Self-Concept,Sum of Ratings for Self-Concept Items divided by Total Number of Items,researcher-made,positive,88,NA,NA,NA,NA,57,3.36,0.37,31,3.41,0.41,40,40,with TF,NA,self-report & perceptual measures,response_self-report,peer tutoring & adaptive learning,beginner,NA,NA,2,STEM,elementary,10.5,38,Asia,-0.1289257408722104,0.04989636647581688,-0.014771317320312656,6.790746267665269e-4,-0.12238868298244444,0.2615710492649108,0.22316344719790435,113
Tsuei_b,2012,no,journal article,class,no,control,40,3,57,31,1,control,NA,peer tutoring,posttest1,motivational,Self-Concept,Sum of Ratings for Self-Concept Items divided by Total Number of Items,researcher-made,positive,88,NA,NA,NA,NA,57,4.06,0.54,31,3.86,0.56,40,40,with TF,NA,self-report & perceptual measures,response_self-report,peer tutoring & adaptive learning,beginner,NA,NA,2,STEM,elementary,10.5,38,Asia,0.36239160442207724,0.05054810413659051,0.050515790136901745,9.893093835723658e-4,0.3440168804852927,0.26233668700479457,0.22316344719790435,114
Tsuei_b,2012,no,journal article,class,no,control,40,3,57,31,1,control,NA,peer tutoring,baseline,motivational,Self-efficacy,Sum of Ratings for Self-efficacy Items divided by Total Number of Items,standard,positive,88,NA,NA,NA,NA,57,33.93,5.68,31,31.97,8.64,40,40,with TF,8,self-report & perceptual measures,response_self-report,peer tutoring & adaptive learning,beginner,NA,NA,2,STEM,elementary,10.5,38,Asia,0.28324711731997987,0.05025777035542274,0.059501615724388765,0.0028476761815495106,0.26888533983083346,0.2619956134204304,0.22316344719790435,115
Tsuei_b,2012,no,journal article,class,no,control,40,3,57,31,1,control,NA,peer tutoring,posttest1,motivational,Self-efficacy,Sum of Ratings for Self-efficacy Items divided by Total Number of Items,standard,positive,88,NA,NA,NA,NA,57,33.77,6.02,31,31.58,7.25,40,40,with TF,8,self-report & perceptual measures,response_self-report,peer tutoring & adaptive learning,beginner,NA,NA,2,STEM,elementary,10.5,38,Asia,0.33523016633409314,0.050440442713094925,0.06704882556998049,0.0022576753642133134,0.3182326374550934,0.2622102102735589,0.22316344719790435,116
Tsuei_c,2009,no,journal article,class,no,control,8,2,28,28,1,control,NA,peer tutoring,baseline,cognitive,Reading Comprehension Scores,Sum of Correct Responses on Reading Comprehension Items,standard,positive,56,NA,NA,NA,NA,28,80.01,3.53,28,74.11,3.13,8,30,with TF,NA,tests & exams,response_selected,peer tutoring & adaptive learning,beginner to intermediate,NA,NA,2,Language & Literacy,elementary,10.5,8,Asia,1.74388767838744,0.09858164495385299,0.07660115089876522,1.3322440450101806e-4,1.6077849979418284,0.3846492171921264,0.2672612419124244,117
Tsuei_c,2009,no,journal article,class,no,control,8,2,28,28,1,control,NA,peer tutoring,posttest1,cognitive,Reading Comprehension Scores,Sum of Correct Responses on Reading Comprehension Items,standard,positive,56,NA,NA,NA,NA,28,85.36,3.11,28,76.43,2.97,8,30,with TF,NA,tests & exams,response_selected,peer tutoring & adaptive learning,beginner to intermediate,NA,NA,2,Language & Literacy,elementary,10.5,8,Asia,2.8957121568551853,0.14629597227999025,0.11050231773870509,1.0133784471192494e-4,2.6697146965649856,0.42670851313146224,0.2672612419124244,118
Tsuei_c,2009,no,journal article,class,no,control,8,2,28,28,1,control,NA,peer tutoring,baseline,motivational,Interpersonal Self-Concept,Sum of Ratings for Interpersonal Self-Concept Items divided by Total Number of Items,standard,positive,56,NA,NA,NA,NA,28,56.06,6.19,28,59.2,5.9,8,30,with TF,NA,self-report & perceptual measures,response_self-report,peer tutoring & adaptive learning,beginner to intermediate,NA,NA,2,Language & Literacy,elementary,10.5,8,Asia,-0.5120366616242191,0.07376947806113639,-0.05449899615331776,7.901625349937364e-4,-0.47207447656083235,0.36277775156076886,0.2672612419124244,119
Tsuei_c,2009,no,journal article,class,no,control,8,2,28,28,1,control,NA,peer tutoring,posttest1,motivational,Interpersonal Self-Concept,Sum of Ratings for Interpersonal Self-Concept Items divided by Total Number of Items,standard,positive,56,NA,NA,NA,NA,28,63.25,5.62,28,55.6,6.03,8,30,with TF,NA,self-report & perceptual measures,response_self-report,peer tutoring & adaptive learning,beginner to intermediate,NA,NA,2,Language & Literacy,elementary,10.5,8,Asia,1.2941640757631259,0.08638268441960559,0.12891192635109286,7.020390882781941e-4,1.19316032315295,0.3738960593878639,0.2672612419124244,120
Tsuei_c,2009,no,journal article,class,no,control,8,2,28,28,1,control,NA,peer tutoring,baseline,motivational,Personal Self-concept,Sum of Ratings for Personal Self-Concept Items divided by Total Number of Items,standard,positive,56,NA,NA,NA,NA,28,63.63,4.75,28,54.99,5.78,8,30,with TF,NA,self-report & perceptual measures,response_self-report,peer tutoring & adaptive learning,beginner to intermediate,NA,NA,2,Language & Literacy,elementary,10.5,8,Asia,1.6104239201889285,0.09458451073854175,0.1459337067249775,5.935995323574077e-4,1.4847374927269719,0.3811258174023336,0.2672612419124244,121
Tsuei_c,2009,no,journal article,class,no,control,8,2,28,28,1,control,NA,peer tutoring,posttest1,motivational,Personal Self-concept,Sum of Ratings for Personal Self-Concept Items divided by the Total Number of Items,standard,positive,56,NA,NA,NA,NA,28,63.19,5.58,28,57.98,5.78,8,30,with TF,NA,self-report & perceptual measures,response_self-report,peer tutoring & adaptive learning,beginner to intermediate,NA,NA,2,Language & Literacy,elementary,10.5,8,Asia,0.9043045352804288,0.078730059754721,0.08604793729185453,6.334213833380539e-4,0.8337275865949497,0.36715041246103974,0.2672612419124244,122
Pragnell et al,2006,no,journal article,student,no,control,1,NA,76,76,1,control,NA,web-based,posttest1,cognitive,Pretest and Posttest Scores in Pilot Study,Sum of Correct Responses on Pretest Items; Sum of Correct Responses on Posttest Items,researcher-made,positive,152,NA,NA,NA,1.717,12,NA,NA,12,NA,NA,3,90,without TF,NA,tests & exams,response_selected & constructed,web-based & scaffolding tools,beginner to intermediate,1,mixed,4,STEM,elementary,10.5,NA,Europe,0.6767445285400623,0.1642425749054532,NA,NA,0.6767445285400623,0.1642425749054532,0.408248290463863,123
Pragnell et al,2006,no,journal article,student,no,control,1,NA,76,76,1,control,NA,web-based,posttest1,cognitive,Pretest and Posttest Scores in Follow-up study,Sum of Correct Responses on Pretest Items; Sum of Correct Responses on Posttest Items,researcher-made,positive,152,NA,NA,NA,1.67,76,NA,NA,76,NA,NA,3,90,without TF,NA,tests & exams,response_selected & constructed,web-based & scaffolding tools,beginner to intermediate,1,mixed,4,STEM,elementary,10.5,NA,Europe,0.26955258494858697,0.02628939904622059,NA,NA,0.26955258494858697,0.02628939904622059,0.16222142113076254,124
Kappa,1999,no,journal article,student,yes,control,14,NA,14,16,1,comparison,NA,programming,baseline,cognitive,"Problem-Solving Control Scores for LOGO, Pair Learning group",Sum of all task scores divided by number of tasks observed,researcher-made,positive,30,NA,NA,NA,NA,14,3.7,2.1,16,3.6,1.3,14,90,without TF,NA,observational & interactional analyses,analysis_observation,programming & computational thinking,beginner to intermediate,NA,NA,2,STEM,elementary,10.5,NA,Asia,0.05661888607226257,0.1339819997329058,0.02739897418811456,0.031159573142962783,0.05661888607226257,0.1339819997329058,0.36596252735569995,125
Kappa,1999,no,journal article,student,yes,control,14,NA,14,16,1,comparison,NA,programming,posttest1,cognitive,"Problem-Solving Control Scores_LOGO, Pair Learning",Sum of all task scores divided by number of tasks observed,researcher-made,positive,30,NA,NA,NA,NA,14,4.5,1.3,16,3.5,1.2,14,90,without TF,NA,observational & interactional analyses,analysis_observation,programming & computational thinking,beginner to intermediate,NA,NA,2,STEM,elementary,10.5,NA,Asia,0.7799518180743659,0.14406731873719658,0.25131442828090617,0.013308138070042833,0.7799518180743659,0.14406731873719658,0.36596252735569995,126
Kappa,1999,no,journal article,student,yes,control,14,NA,14,16,1,comparison,NA,programming,baseline,cognitive,"Planning Ability Scores_LOGO, Pair Learning",Sum of all task scores divided by number of tasks observed,researcher-made,positive,30,NA,NA,NA,NA,14,3.2,1.9,16,2.4,0.7,14,90,without TF,NA,observational & interactional analyses,response_performance,programming & computational thinking,beginner to intermediate,NA,NA,2,STEM,elementary,10.5,NA,Asia,0.5590255045030044,0.1391370633399854,0.287682072451781,0.03049820188492063,0.5590255045030044,0.1391370633399854,0.36596252735569995,127
Kappa,1999,no,journal article,student,yes,control,14,NA,14,16,1,comparison,NA,programming,posttest1,cognitive,"Planning Ability Scores_LOGO, Pair Learning",Sum of all task scores divided by number of tasks observed,researcher-made,positive,30,NA,NA,NA,NA,14,3.8,1.3,16,5,1.5,14,90,without TF,NA,observational & interactional analyses,response_performance,programming & computational thinking,beginner to intermediate,NA,NA,2,STEM,elementary,10.5,NA,Asia,-0.8276319481346832,0.1453448154547916,-0.2744368457017603,0.013984715077166601,-0.8276319481346832,0.1453448154547916,0.36596252735569995,128
Jansen et al,2007,no,journal article,student,yes,control,NA,NA,59,58,1,comparison,NA,CMC/CSCL,posttest1,cognitive,Information Exchange,total count of dialogue acts identified as task-related exchanges during collaborative interactions,researcher-made,positive,117,NA,NA,NA,NA,59,19.75,18.89,58,24.84,27.89,8,52.5,with TF,NA,observational & interactional analyses,analysis_coding,CMC & CSCL tools,intermediate,0.86,mixed,4,Social Sciences & General Education,high,16.5,NA,Europe,-0.21264155980473695,0.03438376447218862,-0.22930176571814717,0.03724052250772613,-0.21264155980473695,0.03438376447218862,0.1849068193786203,129
Jansen et al,2007,no,journal article,student,yes,control,NA,NA,59,58,1,comparison,NA,CMC/CSCL,posttest1,cognitive,Asking Questions,total count of dialogue acts identified as task-related questions during collaborative interactions,researcher-made,positive,117,NA,NA,NA,NA,59,8.17,6.99,58,12.33,10.42,8,52.5,with TF,NA,observational & interactional analyses,analysis_coding,CMC & CSCL tools,intermediate,0.86,mixed,4,Social Sciences & General Education,high,16.5,NA,Europe,-0.46657786600844525,0.0351208519597647,-0.4115664083043414,0.024720249250757612,-0.46657786600844525,0.0351208519597647,0.1849068193786203,130
Jansen et al,2007,no,journal article,student,yes,control,NA,NA,59,58,1,comparison,NA,CMC/CSCL,posttest1,social,Mutual Understanding (SociUnd+),total count of dialogue acts identified as contributing to reaching or maintaining mutual understanding during collaborative interactions,researcher-made,positive,117,NA,NA,NA,NA,59,54.15,31.74,58,65.26,65.26,8,52.5,with TF,NA,observational & interactional analyses,analysis_coding,CMC & CSCL tools,intermediate,0.86,mixed,4,Social Sciences & General Education,high,16.5,NA,Europe,-0.2156733693576302,0.03438931391361546,-0.1866213177181751,0.023064622283139904,-0.2156733693576302,0.03438931391361546,0.1849068193786203,131
Jansen et al,2007,no,journal article,student,yes,control,NA,NA,59,58,1,comparison,NA,CMC/CSCL,posttest1,social,Positive Evaluations of Collaboration (MSociEvl+),total count of dialogue acts identified as positive evaluations of group processes or collaboration during the interaction,researcher-made,positive,117,NA,NA,NA,NA,59,0.76,1.81,58,0.34,1.21,8,52.5,with TF,NA,self-report & perceptual measures,response_self-report,CMC & CSCL tools,intermediate,0.86,mixed,4,Social Sciences & General Education,high,16.5,NA,Europe,0.27058048313584143,0.03450341133072637,0.8043728156701697,0.31450015496318096,0.27058048313584143,0.03450341133072637,0.1849068193786203,132
Jansen et al,2007,no,journal article,student,yes,control,NA,NA,59,58,1,comparison,NA,CMC/CSCL,posttest1,emotional,Perceived Media Richness,The average of participants’ responses to a set of questionnaire items assessing their perception of the communication medium's ability to facilitate effective and rich communication,researcher-made,positive,117,NA,NA,NA,NA,48,3.26,0.8,49,3.01,0.76,8,52.5,with TF,15,self-report & perceptual measures,response_self-report,CMC & CSCL tools,intermediate,0.86,mixed,4,Social Sciences & General Education,high,16.5,NA,Europe,0.31795595791991,0.04176260995522073,0.0797871166178319,0.0025556573155869388,0.31795595791991,0.04176260995522073,0.20308002510990453,133
Jansen et al,2007,no,journal article,student,yes,control,NA,NA,59,58,1,comparison,NA,CMC/CSCL,posttest1,social,Exploratory Group Norm Perception,sum of resonses scores divided by the total number of items,researcher-made,positive,117,NA,NA,NA,NA,48,3.82,0.53,49,3.6,0.53,8,52.5,with TF,7,self-report & perceptual measures,response_self-report,CMC & CSCL tools,intermediate,0.86,mixed,4,Social Sciences & General Education,high,16.5,NA,Europe,0.41180718400425215,0.04211564689141013,0.059316577156419505,8.433707253804083e-4,0.41180718400425215,0.04211564689141013,0.20308002510990453,134
Jansen et al,2007,no,journal article,student,yes,control,NA,NA,59,58,1,comparison,NA,CMC/CSCL,posttest1,motivational,percieved effectiveness of group-task strategies,The average of participants’ responses to a set of questionnaire items assessing their perception,researcher-made,positive,117,NA,NA,NA,NA,48,3.73,0.56,49,3.42,0.62,8,52.5,with TF,8,self-report & perceptual measures,response_self-report,CMC & CSCL tools,intermediate,0.86,mixed,4,Social Sciences & General Education,high,16.5,NA,Europe,0.5203126212093563,0.04263698744291652,0.08676768258121031,0.0011402986474897037,0.5203126212093563,0.04263698744291652,0.20308002510990453,135
Jansen et al,2007,no,journal article,student,yes,control,NA,NA,59,58,1,comparison,NA,CMC/CSCL,posttest1,cognitive,planning (MSocioPlan),"total number of times a student engaged in discussions related to strategizing, delegating responsibilities, and planning how to complete the task",researcher-made,positive,117,NA,NA,NA,NA,59,4.98,4.98,58,3.98,3.59,8,52.5,with TF,NA,observational & interactional analyses,analysis_coding,CMC & CSCL tools,intermediate,0.86,mixed,4,Social Sciences & General Education,high,16.5,NA,Europe,0.22854182324574002,0.034413742814138594,0.22414807174021537,0.030977120313998293,0.22854182324574002,0.034413742814138594,0.1849068193786203,136
Jansen et al,2007,no,journal article,student,yes,control,NA,NA,59,58,1,comparison,NA,CMC/CSCL,posttest1,cognitive,monitoring (MSocioMoni),"total number of times a student engaged in tracking progress, evaluating task performance, and checking available time or resources",researcher-made,positive,117,NA,NA,NA,NA,59,14.25,10.68,58,12.36,11.89,8,52.5,with TF,NA,observational & interactional analyses,analysis_coding,CMC & CSCL tools,intermediate,0.86,mixed,4,Social Sciences & General Education,high,16.5,NA,Europe,0.16622261735856886,0.03430860859853623,0.14229145468511487,0.025475594303558904,0.16622261735856886,0.03430860859853623,0.1849068193786203,137
Jansen et al,2007,no,journal article,student,yes,control,NA,NA,59,58,1,comparison,NA,CMC/CSCL,posttest1,social,social support (SociSupp),"total number of times a student provided positive social support in the chat, such as encouragement, appreciation, or offers of help",researcher-made,positive,117,NA,NA,NA,NA,59,31.93,24.05,58,30.03,30.03,8,52.5,with TF,NA,observational & interactional analyses,analysis_coding,CMC & CSCL tools,intermediate,0.86,mixed,4,Social Sciences & General Education,high,16.5,NA,Europe,0.06944995305486928,0.034211144228697726,0.061349124731451606,0.02685706618899765,0.06944995305486928,0.034211144228697726,0.1849068193786203,138
Hsu et al,2023,no,journal article,class,no,control,2,2,28,24,1,comparison,NA,game-based,baseline,cognitive,Progress in CT Concepts,Sum of Correct Responses on Pretest Items,researcher-made,positive,52,NA,NA,NA,NA,28,40.63,23.48,24,69.27,27.08,4,40,with TF,8,tests & exams,response_selected,game-based & virtual environments,beginner,NA,NA,2,Language & Literacy,elementary,8.5,2,Asia,-1.1193622133658896,0.08942875781086954,-0.5335052020348782,0.018295257189389656,-1.0320009689940586,0.3782097838095706,0.2781743201320934,139
Hsu et al,2023,no,journal article,class,no,control,2,2,28,24,1,comparison,NA,game-based,posttest1,cognitive,Progress in CT Concepts,Sum of Correct Responses on Posttest Items,researcher-made,positive,52,NA,NA,NA,NA,28,70.54,23.38,24,83.33,22.01,4,40,with TF,8,tests & exams,response_selected,game-based & virtual environments,beginner,NA,NA,2,Language & Literacy,elementary,8.5,2,Asia,-0.5534709647093362,0.08032643419610895,-0.1666287035862094,0.006830250414914451,-0.5102750164958508,0.37016332973412225,0.2781743201320934,140
Hsu et al,2023,no,journal article,class,no,control,2,2,28,24,1,comparison,NA,game-based,posttest1,emotional,Language Learning Anxiety,Sum of Ratings for Anxiety Items divided by Total number of items,standard,negative,52,NA,NA,NA,NA,28,2.66,0.72,24,3.32,2.11,4,40,with TF,22,self-report & perceptual measures,response_self-report,game-based & virtual environments,beginner,NA,NA,2,Language & Literacy,elementary,8.5,2,Asia,-0.4260484525354649,0.07912631088006647,-0.22163866013478936,0.019446381939400962,-0.39279726491115574,0.3691024207227407,0.2781743201320934,141
Chang and Hwang,2016,no,journal article,student,yes,control,4,NA,34,31,1,comparison,NA,game-based,baseline,motivational,learning attitudes toward science,Sum of Ratings for Each Item divided by the Total Number of Items,standard,positive,65,NA,NA,NA,NA,34,4.24,0.64,31,4.12,0.82,1,90,without TF,5,self-report & perceptual measures,response_self-report,game-based & virtual environments,intermediate,NA,NA,4,STEM,middle,12.5,4,Asia,0.16213740148443836,0.06187204873708928,0.02871010588243136,0.0019479405498681835,0.16213740148443836,0.06187204873708928,0.24833410805205833,142
Chang and Hwang,2016,no,journal article,student,yes,control,4,NA,34,31,1,comparison,NA,game-based,posttest1,motivational,learning attitudes toward science,Sum of Ratings for Each Item divided by the Total Number of Items,standard,positive,65,NA,NA,NA,NA,34,4.68,0.48,31,4.24,0.76,1,90,without TF,5,self-report & perceptual measures,response_self-report,game-based & virtual environments,intermediate,NA,NA,4,STEM,middle,12.5,4,Asia,0.6910760119692619,0.06534356810139091,0.09873484068568886,0.0013458091837302184,0.6910760119692619,0.06534356810139091,0.24833410805205833,143
Chang and Hwang,2016,no,journal article,student,yes,control,4,NA,34,31,1,comparison,NA,game-based,baseline,social,Teamwork Skills,Sum of Ratings for Teamwork Items divided by the Total Number of Items,standard,positive,65,NA,NA,NA,NA,34,4.19,0.62,31,4.08,0.74,1,90,without TF,5,self-report & perceptual measures,response_self-report,game-based & virtual environments,intermediate,NA,NA,4,STEM,middle,12.5,4,Asia,0.15987937669208607,0.06186645549194562,0.026603745517976153,0.0017051473250271373,0.15987937669208607,0.06186645549194562,0.24833410805205833,144
Chang and Hwang,2016,no,journal article,student,yes,control,4,NA,34,31,1,comparison,NA,game-based,posttest1,social,Teamwork Skills,Sum of Ratings for Teamwork Items divided by the Total Number of Items,standard,positive,65,NA,NA,NA,NA,34,4.8,0.36,31,4.23,0.76,1,90,without TF,5,self-report & perceptual measures,response_self-report,game-based & virtual environments,intermediate,NA,NA,4,STEM,middle,12.5,4,Asia,0.9617107347768935,0.06878434874035841,0.12641392485565853,0.0012067624862927035,0.9617107347768935,0.06878434874035841,0.24833410805205833,145
Chang and Hwang,2016,no,journal article,student,yes,control,4,NA,34,31,1,comparison,NA,game-based,baseline,social,communication and coordination skills,Sum of Ratings for Communication Items divided by the Total Number of Items,standard,positive,65,NA,NA,NA,NA,34,4.3,0.49,31,4.21,0.67,1,90,without TF,7,self-report & perceptual measures,response_self-report,game-based & virtual environments,intermediate,NA,NA,4,STEM,middle,12.5,4,Asia,0.15260852853221768,0.0618489781680173,0.02115237500522676,0.001198926585385902,0.15260852853221768,0.0618489781680173,0.24833410805205833,146
Chang and Hwang,2016,no,journal article,student,yes,control,4,NA,34,31,1,comparison,NA,game-based,posttest1,social,communication and coordination skills,Sum of Ratings for Communication Items divided by the Total Number of Items,standard,positive,65,NA,NA,NA,NA,34,4.63,0.47,31,4.33,0.77,1,90,without TF,7,self-report & perceptual measures,response_self-report,game-based & virtual environments,intermediate,NA,NA,4,STEM,middle,12.5,4,Asia,0.46981923756878635,0.06336775319116304,0.06698932608374414,0.0013231811387927196,0.46981923756878635,0.06336775319116304,0.24833410805205833,147
Gijlers and de Jong,2009,no,journal article,student,yes,control,NA,NA,44,22,1,comparison,NA,CMC/CSCL,baseline,cognitive,What if test (Conceptual Understanding),Sum of Correct Responses to What-If Questions,researcher-made,positive,66,NA,NA,NA,NA,22,14.5,2.35,22,14,2,1,70,without TF,16,tests & exams,response_selected,CMC & CSCL tools,intermediate,0.94,NA,2,STEM,high,15.5,0.018,Europe,0.22502404122332573,0.0914844979446418,0.03509131981127019,0.002121568765869768,0.22502404122332573,0.0914844979446418,0.30151134457776363,148
Gijlers and de Jong,2009,no,journal article,student,yes,control,NA,NA,44,22,1,comparison,NA,CMC/CSCL,posttest1,cognitive,What if test (Conceptual Understanding),Sum of Correct Responses to What-If Questions,researcher-made,positive,66,NA,NA,NA,NA,22,14.31,2.5,22,14.13,1.69,1,70,without TF,16,tests & exams,response_selected,CMC & CSCL tools,intermediate,0.94,NA,2,STEM,high,15.5,0.018,Europe,0.0828401170275289,0.09098707369305835,0.012658396871923465,0.002037553646127849,0.0828401170275289,0.09098707369305835,0.30151134457776363,149
Gijlers and de Jong,2009,no,journal article,student,yes,control,NA,NA,44,22,2,comparison,NA,CMC/CSCL,baseline,cognitive,What if test (Conceptual Understanding),Sum of Correct Responses to What-If Questions,researcher-made,positive,66,NA,NA,NA,NA,22,13.77,1.79,22,14,2,1,70,without TF,16,tests & exams,response_selected,CMC & CSCL tools,intermediate,0.94,NA,2,STEM,high,15.5,0.018,Europe,-0.11900696399515068,0.0910700301986289,-0.01656501687469517,0.001695739779789667,-0.11900696399515068,0.0910700301986289,0.30151134457776363,150
Gijlers and de Jong,2009,no,journal article,student,yes,control,NA,NA,44,22,2,comparison,NA,CMC/CSCL,posttest1,cognitive,What if test (Conceptual Understanding),Sum of Correct Responses to What-If Questions,researcher-made,positive,66,NA,NA,NA,NA,22,15.22,2.13,22,14.13,1.69,1,70,without TF,16,tests & exams,response_selected,CMC & CSCL tools,intermediate,0.94,NA,2,STEM,high,15.5,0.018,Europe,0.5567375976629025,0.09443132673467568,0.07431015573710376,0.0015404693446560312,0.5567375976629025,0.09443132673467568,0.30151134457776363,151
Gijlers and de Jong,2009,no,journal article,student,yes,control,NA,NA,44,22,1,comparison,NA,CMC/CSCL,baseline,cognitive,Proposition test (Explicit knowledge of relations),Sum of Correctly Identified Truth Values (True or False) for Each Proposition,researcher-made,positive,66,NA,NA,NA,NA,22,7.87,2.87,22,9.32,3.99,1,70,without TF,12,tests & exams,response_selected,CMC & CSCL tools,intermediate,0.94,NA,2,STEM,high,15.5,0.018,Europe,-0.40971409880503856,0.09281665503135937,-0.16910456626818793,0.014375822982735757,-0.40971409880503856,0.09281665503135937,0.30151134457776363,152
Gijlers and de Jong,2009,no,journal article,student,yes,control,NA,NA,44,22,1,comparison,NA,CMC/CSCL,posttest1,cognitive,Proposition test (Explicit knowledge of relations),Sum of Correctly Identified Truth Values (True or False) for Each Proposition,researcher-made,positive,66,NA,NA,NA,NA,22,7.36,3.18,22,9.77,3.92,1,70,without TF,12,tests & exams,response_selected,CMC & CSCL tools,intermediate,0.94,NA,2,STEM,high,15.5,0.018,Europe,-0.6630739465396995,0.0959053074838606,-0.2832565333139064,0.015802930021460035,-0.6630739465396995,0.0959053074838606,0.30151134457776363,153
Gijlers and de Jong,2009,no,journal article,student,yes,control,NA,NA,44,22,2,comparison,NA,CMC/CSCL,baseline,cognitive,Proposition test (Explicit knowledge of relations),Sum of Correctly Identified Truth Values (True or False) for Each Proposition,researcher-made,positive,66,NA,NA,NA,NA,22,8.23,3.85,22,9.32,3.99,1,70,without TF,12,tests & exams,response_selected,CMC & CSCL tools,intermediate,0.94,NA,2,STEM,high,15.5,0.018,Europe,-0.2730175763703824,0.09175612042053588,-0.12437661400852135,0.018278047902528596,-0.2730175763703824,0.09175612042053588,0.30151134457776363,154
Gijlers and de Jong,2009,no,journal article,student,yes,control,NA,NA,44,22,2,comparison,NA,CMC/CSCL,posttest1,cognitive,Proposition test (Explicit knowledge of relations),Sum of Correctly Identified Truth Values (True or False) for Each Proposition,researcher-made,positive,66,NA,NA,NA,NA,22,11,3.4,22,9.77,3.92,1,70,without TF,12,tests & exams,response_selected,CMC & CSCL tools,intermediate,0.94,NA,2,STEM,high,15.5,0.018,Europe,0.32919283280678086,0.09214054455876539,0.11857880674367918,0.01166005902160774,0.32919283280678086,0.09214054455876539,0.30151134457776363,155
Sins et al,2011,no,journal article,student,yes,no-control,NA,NA,22,22,1,comparison,NA,CMC/CSCL,posttest1,cognitive,Model Quality Scores (Final Task Outcome),Sum of Points for Correct Model Elements minus Sum of Penalty Points for Incorrect Elements,researcher-made,positive,44,NA,NA,NA,NA,22,6.97,1.41,22,7.02,1.74,2,150,without TF,NA,collaborative & performance-based tasks,analysis_coding,CMC & CSCL tools,intermediate,NA,NA,2,STEM,high,17,NA,Europe,-0.031005492512211998,0.09092001523370369,-0.0071479932652871725,0.0046527127340410986,-0.031005492512211998,0.09092001523370369,0.30151134457776363,156
Sins et al,2011,no,journal article,student,yes,no-control,NA,NA,22,22,1,comparison,NA,CMC/CSCL,posttest1,social,Number of Reasoning Episodes,Count of Distinct Process Episodes,researcher-made,positive,44,NA,NA,NA,NA,22,20.82,9.78,22,85.64,16.78,2,150,without TF,NA,observational & interactional analyses,analysis_coding,CMC & CSCL tools,intermediate,NA,NA,2,STEM,high,17,NA,Europe,-4.63498058912256,0.33503460297207854,-1.4142384005346593,0.011774880307153044,-4.63498058912256,0.33503460297207854,0.30151134457776363,157
